WikipediaPageName,Coast
6ix9ine,East
9th Prince,East
22Gz,East
38 Spesh,East
The 45 King,East
50 Cent,East
60 Second Assassin (rapper),East
88-Keys,East
Sammy Adams,East
Adeem (rapper),East
Aesop Rock,East
Afu-Ra,East
Akir,East
Akrobatik,East
Alias (musician),East
Hoodie Allen,East
Amil,East
Antoinette (rapper),East
Aone Beats,East
Apache (rapper),East
Apathy (rapper),East
AR-Ab,East
AraabMuzik,East
Arkatech Beatz,East
M. K. Asante,East
Asheru,East
The Audible Doctor,East
Awkwafina,East
AZ (rapper),East
Apani B. Fly,East
DJ Babu,East
Bahamadia,East
Marty Baller,East
Charli Baltimore,East
Afrika Bambaataa,East
Bodega Bamz,East
Azealia Banks,East
Lloyd Banks,East
MC Paul Barman,East
Mark Batson,East
The Beat Bully,East
Jahlil Beats,East
Beedie (rapper),East
Benny the Butcher,East
Benzino,East
Big Body Bes,East
Big Daddy Kane,East
Big Pun,East
Big Shug,East
Bkorn,East
Black Child,East
Black Rob,East
Black Thought,East
Memphis Bleek,East
Blockhead (music producer),East
Action Bronson,East
Bronx Style Bob,East
Foxy Brown (rapper),East
Tommy Brown (record producer),East
Ron Browz,East
Buckshot (rapper),East
Buckwild (music producer),East
Joe Budden,East
Dai Burger,East
Cage (rapper),East
Crystal Caines,East
Call Me Ace,East
Cam'ron,East
Canibus,East
Don Cannon,East
Capella Grey,East
Capital Steez,East
Capone (rapper),East
Cappadonna,East
Kid Capri,East
Cardi B,East
Cardiak,East
Casanova (rapper),East
Cassidy (rapper),East
Grandmaster Caz,East
Cazwell,East
Lil' Cease,East
John Cena,East
Ceschi,East
DJ Charlie Chase,East
Chinx,East
DJ Chuck Chillout,East
Chyskillz,East
CJ (rapper),East
Clams Casino (musician),East
Sean Combs,East
Consequence (rapper),East
Conway the Machine,East
Cool C,East
Cordae,East
Cousin Stizz,East
Keef Cowboy,East
Jay Critch,East
Cuban Link,East
D-Nice,East
Daddy-O (rapper),East
Danger Mouse (musician),East
Danny Boy (rapper),East
Dash (rapper),East
Desiigner,East
Diabolic (rapper),East
Kosha Dillz,East
Flipp Dinero,East
Disco King Mario,East
DJ Disco Wiz,East
DMX,East
Tim Dog,East
B. Dolan,East
Don Q (rapper),East
MF Doom,East
Dot da Genius,East
Drag-On,East
DJ Drama,East
Dub-L,East
Dutch ReBelle,East
DVLP,East
Smoke DZA,East
E.D.I. Mean,East
East Flatbush Project,East
Dave East,East
Ed O.G.,East
El-P,East
Eric B.,East
Esoteric (rapper),East
Eve (rapper),East
Eyenine,East
Fabolous,East
Mickey Factz,East
Fat Joe,East
Hussein Fatal,East
Felly,East
ASAP Ferg,East
Grandmaster Flash,East
CJ Fly,East
Focus...,East
Q Da Fool,East
Fivio Foreign,East
Freddie Foxxx,East
Njena Reddd Foxxx,East
Sage Francis,East
Harry Fraud,East
Fred the Godson,East
Freekey Zekey,East
Frenchie (rapper),East
Fresh Kid Ice,East
Doug E. Fresh,East
Funkmaster Flex,East
Ty Fyffe,East
G Koop,East
Heather B. Gardner,East
Mic Geronimo,East
GFMBryyce,East
Ghostface Killah,East
Godfather Don,East
Irv Gotti,East
Jean Grae,East
Grafh,East
Dame Grease,East
MF Grimm,East
Cory Gunz,East
Guru (rapper),East
GZA,East
Half a Mill,East
Sleepy Hallow,East
Charles Hamilton (rapper),East
Andre Harrell,East
Havoc (musician),East
Emile Haynie,East
Heavy D,East
Hell Rell,East
Samuel T. Herring,East
Chad Hugo,East
DJ Hurricane,East
Ice Spice,East
Ill Bill,East
Inspectah Deck,East
Islord,East
J.I the Prince of N.Y,East
J57 (rapper),East
Ja Rule,East
Jadakiss,East
Ms. Jade,East
Mike Jaggerr,East
Jam Master Jay,East
Jasiri X,East
Jay-Z,East
Jaz-O,East
MC Jazzy Jeff,East
DJ Jazzy Joyce,East
MC Jin,East
Jipsta,East
Joey Badass,East
Chilla Jones,East
Serius Jones,East
JPEGMafia,East
Junglepussy,East
Just Blaze,East
Just-Ice,East
Ka$hdami,East
Kangol Kid,East
Kastro (rapper),East
DJ Kay Slay,East
Kemba (rapper),East
Jamie Kennedy,East
Wiz Khalifa,East
Killa Sin,East
Kirk Knight,East
Tate Kobang,East
Kool G Rap,East
Kool Moe Dee,East
KRS-One,East
Talib Kweli,East
Big L,East
Coke La Rock,East
Scott La Rock,East
Lady B,East
Lady Crush,East
Al Sherrod Lambert,East
Lamiere,East
Knero Lapaé,East
Larry Larr,East
Sabor Latino,East
Lee on the Beats,East
HeeSun Lee,East
Trip Lee,East
Le1f,East
Johan Lenox,East
Coi Leray,East
Alrad Lewis,East
Rob Lewis (record producer),East
Mr. Lif,East
Like (record producer),East
Lil Dicky,East
Lil Mama,East
Lil Peep,East
Lil Tjay,East
Lil' Kim,East
Lin Que,East
Ex-plicit linez,East
Dusty Locane,East
Nicholas Loftin,East
DJ Logic,East
Sheek Louch,East
Louis Logic,East
Ed Lover,East
Jan Lucanus,East
Joyner Lucas,East
MC Lyte,East
M-Dot,East
Remy Ma,East
China Mac,East
Mach-Hommy,East
Craig Mack,East
Kellee Maize,East
Malik B.,East
Roc Marciano,East
Biz Markie,East
Marley Marl,East
Brother Marquis,East
Skizzy Mars,East
Theo Martins,East
Mase,East
Masta Killa,East
Mathematics (producer),East
Ivan Matias,East
Lady May (rapper),East
Darryl McDaniels,East
McGruff (rapper),East
Megahertz (record producer),East
Melle Mel,East
Method Man,East
Mike D,East
Mikey D,East
Derrick Milano,East
Meek Mill,East
Mac Miller,East
Jae Millz,East
Mims (rapper),East
Andy Mineo,East
Mr. Muthafuckin' eXquire,East
Mr. Mixx,East
Easy Mo Bee,East
Pharoahe Monch,East
French Montana,East
Mos Def,East
Ali Shaheed Muhammad,East
Uncle Murda,East
Keith Murray,East
Myzery,East
N.O.R.E.,East
Nas,East
ASAP Nast,East
Necro (rapper),East
Bishop Nehru,East
Neo da Matrix,East
Nine (rapper),East
Nitty (musician),East
No Malice,East
Young Noble,East
NOE (rapper),East
Princess Nokia,East
The Notorious B.I.G.,East
O.C. (rapper),East
Ol' Dirty Bastard,East
Shaquille O'Neal,East
Oompa (rapper),East
Joell Ortiz,East
Styles P,East
Prince Paul (producer),East
Felicia Pearson,East
Pepa (rapper),East
Percee P,East
Pete Rock,East
Petey Pablo,East
Thee Phantom,East
Phife Dawg,East
Stelios Phili,East
Jamal Phillips,East
Phresher,East
Pras,East
DJ Premier,East
Sean Price,East
Prince Whipper Whip,East
Princess Superstar,East
Prodigy (rapper),East
Large Professor,East
Prolyphic,East
Pumpkinhead (rapper),East
Pusha T,East
Q-Tip (musician),East
Queen Latifah,East
Queen Pen,East
Radamiz,East
Rah Swish,East
Rakim,East
Kyle Rapps,East
Hell Razah,East
Oryn the Rebel,East
Red Café,East
Redman (rapper),East
Reks,East
Salaam Remi,East
Moshe Reuven,East
Busta Rhymes,East
DJ Richie Rich,East
Chubb Rock,East
Rockwilder,East
ASAP Rocky,East
Roscoe (rapper),East
Asher Roth,East
Elle Royal,East
David Rush (rapper),East
RZA,East
Sadat X,East
Saga (rapper),East
Saigon (rapper),East
Salt (rapper),East
Juelz Santana,East
Sauce Money,East
Scar Lip,East
Schoolly D,East
Jill Scott (singer),East
DJ Scratch,East
Sensational (musician),East
Sensato del Patio,East
Erick Sermon,East
Sha Money XL,East
Jonathan Shecter,East
Sheff G,East
Bobby Shmurda,East
Shock G,East
Kiing Shooter,East
Shyne,East
Beanie Sigel,East
Silkski,East
Siya,East
DJ Skee,East
Lil Skies,East
Skinnyfromthe9,East
Slaine (rapper),East
Rashad Smith (producer),East
Will Smith,East
Pop Smoke,East
CL Smooth,East
Sam Sneed,East
Sole (hip hop artist),East
Sonaro,East
Souleye (hip hop artist),East
Spank Rock,East
Special K (rapper),East
Jimmy Spicer,East
Spoonie Gee,East
Spose,East
Busy Bee Starski,East
Statik Selektah,East
Stezo,East
David Stones,East
Street Life (rapper),East
DJ Stretch Armstrong,East
Mike Stud,East
Swizz Beatz,East
Yhaunai Takiyal,East
Teyana Taylor,East
Lil Tecca,East
Sweet Tee,East
Termanology,East
Token (rapper),East
Tone Trump,East
Tha Trademarc,East
Treach,East
Turbo B,East
ASAP Twelvyy,East
U-God,East
Vado (rapper),East
Justina Valentine,East
Ali Vegas,East
Vinylz,East
Fetty Wap,East
Ohmega Watts,East
Chris Webby,East
DJ Webstar,East
Sheck Wes,East
Westside Gunn,East
Tierra Whack,East
DJ Whoo Kid,East
Billy Drease Williams,East
Saul Williams,East
Tyler James Williams,East
Wise (musician),East
Chevy Woods,East
Jimmy Wopo,East
Wordsworth (rapper),East
J.R. Writer,East
Wyldfyer,East
Tony Yayo,East
Young Chris,East
Young M.A,East
Young Music DYMG,East
Younglord,East
Nosson Zand,East
ZillaKami,East
Mike Zombie,East
03 Greedo,West
24kGoldn,West
40 Glocc,West
A-Plus (rapper),West
DJ A-Tron,West
Ab-Soul,West
Abstract Rude,West
Aceyalone,West
Afroman,West
Ahmad (rapper),West
Ak'Sent,West
The Alchemist (musician),West
AMG (rapper),West
Aminé (rapper),West
Antwon,West
Aztlan Underground,West
B-Legit,West
B-Real,West
B.G. Knocc Out,West
Show Banga,West
Ant Banks,West
Sho Baraka,West
Bavgate,West
Becky G,West
Beeda Weeda,West
Beefy (rapper),West
Berner (rapper),West
Big B (rapper),West
Big Dave (rapper),West
Big Ed (rapper),West
Big Fase 100,West
Bizzle,West
Aloe Blacc,West
Black Pegasus,West
Guerilla Black,West
Nissim Black,West
Toni Blackman,West
Blueface,West
Blxst,West
Bones (rapper),West
Braille (musician),West
Buddy (rapper),West
Busdriver,West
Scott Caan,West
Sway Calloway,West
Nick Cannon,West
Captain Save 'Em,West
Clyde Carson,West
Celestaphone,West
DJ Cheapshot,West
Tha Chill,West
Shawn Chrystopher,West
Chanel West Coast,West
Conceit (rapper),West
Coolio,West
Cozz,West
Crooked I,West
Omega Crosby,West
Cut Chemist,West
D-Loc,West
The D.O.C.,West
Daddy X,West
DJ Dahi,West
Dazzie Dee,West
DB Tha General,West
Del the Funky Homosapien,West
Timothy DeLaGhetto,West
Demrick,West
Den Fenn,West
Scoop DeVille,West
Daz Dillinger,West
Nate Dogg,West
Snoop Dogg,West
Dolla Will,West
Domino (rapper),West
Drakeo the Ruler,West
Dr. Dre,West
Droop-E,West
DTTX (rapper),West
Dubb 20,West
Dumbfoundead,West
Duna (rapper),West
E-40,West
Eazy-E,West
MC Eiht,West
Eprhyme,West
Evidence (musician),West
Exile (producer),West
Fashawn,West
Fatlip,West
Joey Fatts,West
Kevin Federline,West
Roshon Fegan,West
JT the Bigga Figga,West
Flash Bang Grenada,West
Flying Lotus,West
Shawn Fonteno,West
Foreknown (rapper),West
Dave Free,West
Mike Free,West
Fresh Kid Ice,West
DJ Fresh (American DJ),West
MC Frontalot,West
Frost (rapper),West
Futuristic (rapper),West
The Futuristics,West
G-Nut,West
G-Stack,West
The Game (rapper),West
GaTa,West
O.T. Genasis,West
Domo Genesis,West
Getter (DJ),West
Gift of Gab (rapper),West
Grieves,West
Haiku d'Etat,West
Hi-C (rapper),West
Adam Hicks,West
Hit-Boy,West
Hittman,West
Hodgy,West
Hopsin,West
Hot Rod (rapper),West
Houston (singer),West
Brotha Lynch Hung,West
Hurt-M-Badd,West
Nipsey Hussle,West
Skhye Hutch,West
Iame (rapper),West
Iamsu!,West
Ice Cube,West
Ice-T,West
ILoveMakonnen,West
The Jacka,West
Jake One,West
Noa James,West
Jel (music producer),West
Jeff Jericho,West
JGivens,West
JHawk,West
Sir Jinx,West
Hobo Johnson,West
Judge Da Boss,West
Self Jupiter,West
K-the-I???,West
Kam (rapper),West
Kaveo,West
Keak da Sneak,West
Baby Keem,West
Dom Kennedy,West
DJ Khalil,West
Kid Ink,West
Killa Keise,West
DJ King Assassin,West
King Lil G,West
King Tech,West
King T,West
Curtiss King,West
Rydah J. Klyde,West
Knightowl,West
Knxwledge,West
Kokane,West
Kossisko,West
Kreayshawn,West
Krondon,West
Kurupt,West
Kyle (musician),West
Kendrick Lamar,West
Bishop Lamont,West
MC Lars,West
Laz-D,West
Lecrae,West
Lefty (rapper),West
Shorty (American rapper),West
Lil B,West
Lil Coner,West
Lil Debbie,West
Lil' Fizz,West
Lil Italy,West
Lil Ric,West
Lil Rob,West
Lil Uno,West
Lil Xan,West
Lil' C-Style,West
Amber Liu (singer),West
Locksmith (rapper),West
LoveRance,West
Luni Coleone,West
Mac Dre,West
CJ Mac,West
Mack 10,West
Macklemore,West
Madlib,West
Mac Mall,West
Glasses Malone,West
Mann (rapper),West
Mayne Mannish,West
Brother Marquis,West
Terrace Martin,West
Young Maylay,West
Trevor McFedries,West
Mr. J. Medeiros,West
Eli Meltzer,West
Messy Marv,West
Miami (rapper),West
Cymphonique Miller,West
Mistah F.A.B.,West
Mix Master Mike,West
Mr. Mixx,West
Slim the Mobster,West
KC Montero,West
Jonathan Moore (musician),West
Lil Mosey,West
Mr. Capone-E,West
Mr. Skrillz,West
Mugzi,West
Murs (rapper),West
Myka 9,West
Emcee N.I.C.E.,West
Nappy Nina,West
Shady Nate,West
Nichkhun,West
Damani Nkosi,West
Nobody (producer),West
Nocando,West
Cool Nutz,West
O.Y.G Redrum 781,West
Oh No (musician),West
OhGeesy,West
Only Won,West
Paris (rapper),West
Jay Park,West
Teddy Park,West
Passion (rapper),West
Peace (rapper),West
J Peezy,West
Dudley Perkins (rapper),West
Phats Bossi,West
Phil Da Agony,West
Playalitical,West
Pooh-Man,West
Vidal Prevost,West
Problem (rapper),West
Prodeje,West
Psychosiz,West
Punch (rapper),West
Schoolboy Q,West
Quazedelic,West
DJ Quik,West
San Quinn,West
Captain Rapp,West
Rappin' 4-Tay,West
Ras Kass,West
RBX,West
Reason (American rapper),West
Red Cloud (rapper),West
Redfoo,West
RiceGum,West
The Real Richie Rich,West
Boots Riley,West
Ash Riser,West
RJ (rapper),West
Jay Rock,West
V. Rose,West
Sadistik,West
Sage the Gemini,West
Saint Dog,West
Saweetie,West
Seagram (rapper),West
Amanda Seales,West
Tupac Shakur,West
Mac Shawn,West
Shade Sheist,West
Mike Shinoda,West
Too Short,West
Shorty Mack,West
Shwayze,West
Dom Sicily,West
Raz Simone,West
Sir Mix-a-Lot,West
Skee-Lo,West
Skeme,West
Skinhead Rob,West
Alex Skolnick,West
Sky Blu (rapper),West
Sleep (rapper),West
Sleep Dank,West
Mitchy Slick,West
Slimkid3,West
Slip Capone,West
Slow Pain,West
Na-Kel Smith,West
D Smoke,West
Smooth (singer),West
Snow Tha Product,West
Snupe,West
Soopafly,West
Sounwave,West
Speak!,West
Spice 1,West
Spider Loc,West
Vince Staples,West
Parlay Starr,West
Rob Stone (rapper),West
Stressmatic,West
Stunnaman,West
Suga Free,West
Suga-T,West
Earl Sweatshirt,West
SwinDoe,West
Syd (singer),West
Big Syke,West
T-Pup,West
Ali Tabatabaee,West
Taboo (rapper),West
Tairrie B,West
Tanna Leone,West
Tap Dat Ass,West
Tedashii,West
TeeFlii,West
Thurz,West
Tiger JK,West
Time (rapper),West
Ms. Toi,West
Tone Loc,West
Isaiah Toothtaker,West
Channel Tres,West
MC Trouble,West
Ty Dolla Sign,West
"Tyler, the Creator",West
The Unknown DJ,West
V-Nasty,West
V-White,West
Casey Veggies,West
Bryce Vine,West
Warren G,West
WC (rapper),West
Tim'm T. West,West
Willie B (producer),West
Dizzy Wright,West
Xzibit,West
Ya Boy,West
Yeat,West
YG (rapper),West
YGD Tha Top Dogg,West
Yo-Yo (rapper),West
MC Yogi,West
Young Chozen,West
Young Dru,West
Young L,West
Yukmouth,West
Arif Zahir,West
Zealous1,West
Asaiah Ziv,West
