,WikipediaPageName
0,03 Greedo
1,24kGoldn
2,40 Glocc
3,A-Plus (rapper)
4,DJ A-Tron
5,Ab-Soul
6,Abstract Rude
7,Aceyalone
8,Afroman
9,Ahmad (rapper)
10,Ak'Sent
11,The Alchemist (musician)
12,AMG (rapper)
13,Amin√© (rapper)
14,Antwon
15,Aztlan Underground
16,B-Legit
17,B-Real
18,B.G. Knocc Out
19,Show Banga
20,Ant Banks
21,Sho Baraka
22,Bavgate
23,Becky G
24,Beeda Weeda
25,Beefy (rapper)
26,Berner (rapper)
27,Big B (rapper)
28,Big Dave (rapper)
29,Big Ed (rapper)
30,Big Fase 100
31,Bizzle
32,Aloe Blacc
33,Black Pegasus
34,Guerilla Black
35,Nissim Black
36,Toni Blackman
37,Blueface
38,Blxst
39,Bones (rapper)
40,Braille (musician)
41,Buddy (rapper)
42,Busdriver
43,Scott Caan
44,Sway Calloway
45,Nick Cannon
46,Captain Save 'Em
47,Clyde Carson
48,Celestaphone
49,DJ Cheapshot
50,Tha Chill
51,Shawn Chrystopher
52,Chanel West Coast
53,Conceit (rapper)
54,Coolio
55,Cozz
56,Crooked I
57,Omega Crosby
58,Cut Chemist
59,D-Loc
60,The D.O.C.
61,Daddy X
62,DJ Dahi
63,Dazzie Dee
64,DB Tha General
65,Del the Funky Homosapien
66,Timothy DeLaGhetto
67,Demrick
68,Den Fenn
69,Scoop DeVille
70,Daz Dillinger
71,Nate Dogg
72,Snoop Dogg
73,Dolla Will
74,Domino (rapper)
75,Drakeo the Ruler
76,Dr. Dre
77,Droop-E
78,DTTX (rapper)
79,Dubb 20
80,Dumbfoundead
81,Duna (rapper)
82,E-40
83,Eazy-E
84,MC Eiht
85,Eprhyme
86,Evidence (musician)
87,Exile (producer)
88,Fashawn
89,Fatlip
90,Joey Fatts
91,Kevin Federline
92,Roshon Fegan
93,JT the Bigga Figga
94,Flash Bang Grenada
95,Flying Lotus
96,Shawn Fonteno
97,Foreknown (rapper)
98,Dave Free
99,Mike Free
100,Fresh Kid Ice
101,DJ Fresh (American DJ)
102,MC Frontalot
103,Frost (rapper)
104,Futuristic (rapper)
105,The Futuristics
106,G-Nut
107,G-Stack
108,The Game (rapper)
109,GaTa
110,O.T. Genasis
111,Domo Genesis
112,Getter (DJ)
113,Gift of Gab (rapper)
114,Grieves
115,Haiku d'Etat
116,Hi-C (rapper)
117,Adam Hicks
118,Hit-Boy
119,Hittman
120,Hodgy
121,Hopsin
122,Hot Rod (rapper)
123,Houston (singer)
124,Brotha Lynch Hung
125,Hurt-M-Badd
126,Nipsey Hussle
127,Skhye Hutch
128,Iame (rapper)
129,Iamsu!
130,Ice Cube
131,Ice-T
132,ILoveMakonnen
133,The Jacka
134,Jake One
135,Noa James
136,Jel (music producer)
137,Jeff Jericho
138,JGivens
139,JHawk
140,Sir Jinx
141,Hobo Johnson
142,Judge Da Boss
143,Self Jupiter
144,K-the-I???
145,Kam (rapper)
146,Kaveo
147,Keak da Sneak
148,Baby Keem
149,Dom Kennedy
150,DJ Khalil
151,Kid Ink
152,Killa Keise
153,DJ King Assassin
154,King Lil G
155,King Tech
156,King T
157,Curtiss King
158,Rydah J. Klyde
159,Knightowl
160,Knxwledge
161,Kokane
162,Kossisko
163,Kreayshawn
164,Krondon
165,Kurupt
166,Kyle (musician)
167,Kendrick Lamar
168,Bishop Lamont
169,MC Lars
170,Laz-D
171,Lecrae
172,Lefty (rapper)
173,Shorty (American rapper)
174,Lil B
175,Lil Coner
176,Lil Debbie
177,Lil' Fizz
178,Lil Italy
179,Lil Ric
180,Lil Rob
181,Lil Uno
182,Lil Xan
183,Lil' C-Style
184,Amber Liu (singer)
185,Locksmith (rapper)
186,LoveRance
187,Luni Coleone
188,Mac Dre
189,CJ Mac
190,Mack 10
191,Macklemore
192,Madlib
193,Mac Mall
194,Glasses Malone
195,Mann (rapper)
196,Mayne Mannish
197,Brother Marquis
198,Terrace Martin
199,Young Maylay
200,Trevor McFedries
201,Mr. J. Medeiros
202,Eli Meltzer
203,Messy Marv
204,Miami (rapper)
205,Cymphonique Miller
206,Mistah F.A.B.
207,Mix Master Mike
208,Mr. Mixx
209,Slim the Mobster
210,KC Montero
211,Jonathan Moore (musician)
212,Lil Mosey
213,Mr. Capone-E
214,Mr. Skrillz
215,Mugzi
216,Murs (rapper)
217,Myka 9
218,Emcee N.I.C.E.
219,Nappy Nina
220,Shady Nate
221,Nichkhun
222,Damani Nkosi
223,Nobody (producer)
224,Nocando
225,Cool Nutz
226,O.Y.G Redrum 781
227,Oh No (musician)
228,OhGeesy
229,Only Won
230,Paris (rapper)
231,Jay Park
232,Teddy Park
233,Passion (rapper)
234,Peace (rapper)
235,J Peezy
236,Dudley Perkins (rapper)
237,Phats Bossi
238,Phil Da Agony
239,Playalitical
240,Pooh-Man
241,Vidal Prevost
242,Problem (rapper)
243,Prodeje
244,Psychosiz
245,Punch (rapper)
246,Schoolboy Q
247,Quazedelic
248,DJ Quik
249,San Quinn
250,Captain Rapp
251,Rappin' 4-Tay
252,Ras Kass
253,RBX
254,Reason (American rapper)
255,Red Cloud (rapper)
256,Redfoo
257,RiceGum
258,The Real Richie Rich
259,Boots Riley
260,Ash Riser
261,RJ (rapper)
262,Jay Rock
263,V. Rose
264,Sadistik
265,Sage the Gemini
266,Saint Dog
267,Saweetie
268,Seagram (rapper)
269,Amanda Seales
270,Tupac Shakur
271,Mac Shawn
272,Shade Sheist
273,Mike Shinoda
274,Too Short
275,Shorty Mack
276,Shwayze
277,Dom Sicily
278,Raz Simone
279,Sir Mix-a-Lot
280,Skee-Lo
281,Skeme
282,Skinhead Rob
283,Alex Skolnick
284,Sky Blu (rapper)
285,Sleep (rapper)
286,Sleep Dank
287,Mitchy Slick
288,Slimkid3
289,Slip Capone
290,Slow Pain
291,Na-Kel Smith
292,D Smoke
293,Smooth (singer)
294,Snow Tha Product
295,Snupe
296,Soopafly
297,Sounwave
298,Speak!
299,Spice 1
300,Spider Loc
301,Vince Staples
302,Parlay Starr
303,Rob Stone (rapper)
304,Stressmatic
305,Stunnaman
306,Suga Free
307,Suga-T
308,Earl Sweatshirt
309,SwinDoe
310,Syd (singer)
311,Big Syke
312,T-Pup
313,Ali Tabatabaee
314,Taboo (rapper)
315,Tairrie B
316,Tanna Leone
317,Tap Dat Ass
318,Tedashii
319,TeeFlii
320,Thurz
321,Tiger JK
322,Time (rapper)
323,Ms. Toi
324,Tone Loc
325,Isaiah Toothtaker
326,Channel Tres
327,MC Trouble
328,Ty Dolla Sign
329,"Tyler, the Creator"
330,The Unknown DJ
331,V-Nasty
332,V-White
333,Casey Veggies
334,Bryce Vine
335,Warren G
336,WC (rapper)
337,Tim'm T. West
338,Willie B (producer)
339,Dizzy Wright
340,Xzibit
341,Ya Boy
342,Yeat
343,YG (rapper)
344,YGD Tha Top Dogg
345,Yo-Yo (rapper)
346,MC Yogi
347,Young Chozen
348,Young Dru
349,Young L
350,Yukmouth
351,Arif Zahir
352,Zealous1
353,Asaiah Ziv
